{"User 0": 100.0, "User 1": 100.0, "User 2": 93.75, "User 3": 100.0, "User 4": 67.85714285714286, "User 5": 95.45454545454545, "User 6": 87.87878787878788, "User 7": 100.0, "User 8": 100.0, "User 9": 92.3076923076923, "User 10": 100.0, "User 11": 84.84848484848484, "User 12": 100.0, "User 13": 100.0, "User 14": 100.0, "User 15": 100.0, "User 16": 64.86486486486487, "User 17": 100.0, "User 18": 96.0, "User 19": 100.0}