{"User 0": 91.17647058823529, "User 1": 100.0, "User 2": 100.0, "User 3": 100.0, "User 4": 86.48648648648648, "User 5": 100.0, "User 6": 93.125, "User 7": 99.3006993006993, "User 8": 84.9514563106796, "User 9": 95.0, "User 10": 100.0, "User 11": 92.3076923076923, "User 12": 92.3076923076923, "User 13": 100.0, "User 14": 73.91304347826086, "User 15": 72.3404255319149, "User 16": 97.91666666666666, "User 17": 100.0, "User 18": 100.0, "User 19": 58.16993464052288, "User 20": 100.0, "User 21": 98.73417721518987, "User 22": 100.0, "User 23": 100.0, "User 24": 66.66666666666666, "User 25": 71.9298245614035, "User 26": 83.33333333333334, "User 27": 73.1117824773414, "User 28": 100.0, "User 29": 93.33333333333333, "User 30": 87.16417910447761, "User 31": 100.0, "User 32": 100.0}